"","treated1","treated2","treated3","untreated1","untreated2","untreated3","untreated4"
"FBgn0045862",1398,919,994,1000,1944,843,854
"FBgn0039840",3,3,2,1,1,1,3
"FBgn0037369",547,269,264,317,465,143,173
"FBgn0050476",240,66,83,137,235,52,74
"FBgn0034601",4,0,3,4,10,1,2
"FBgn0028675",334,151,177,155,368,141,139
"FBgn0052445",11,6,8,6,16,5,6
"FBgn0035344",53,30,28,117,199,78,77
"FBgn0016978",1333,859,838,1068,1847,880,916
"FBgn0036947",0,0,0,1,0,0,0
"FBgn0037342",577,293,323,476,686,241,281
"FBgn0004898",0,0,0,0,0,0,0
"FBgn0034849",502,299,371,428,342,223,260
"FBgn0003023",29,11,19,11,29,14,23
"FBgn0024985",1159,591,589,868,1494,552,529
"FBgn0030615",134,57,49,79,142,60,60
"FBgn0004644",5,2,4,4,11,5,5
"FBgn0011787",1233,595,656,886,1461,441,576
"FBgn0040532",19,8,6,22,27,8,7
"FBgn0013348",5,2,0,2,2,1,1
"FBgn0011938",0,0,0,0,0,0,0
"FBgn0038400",2909,1472,1582,1847,3432,1125,1433
"FBgn0259731",0,0,0,0,0,0,0
"FBgn0023529",10095,4219,4575,6120,13260,3988,4631
"FBgn0032538",2,3,0,0,4,0,0
"FBgn0031773",265,144,163,154,292,111,116
"FBgn0259961",0,0,0,0,1,0,0
"FBgn0083967",0,0,0,0,0,0,0
"FBgn0028992",1329,439,497,780,1092,369,427
"FBgn0027106",0,3,1,2,3,1,0
"FBgn0086027",6,0,0,0,15,0,0
"FBgn0052370",0,0,0,0,0,0,1
"FBgn0002021",478,206,246,309,463,158,191
"FBgn0004449",3462,1859,1753,2598,4496,1877,1744
"FBgn0032755",0,0,1,0,1,1,0
"FBgn0024889",1055,523,594,764,1251,375,482
"FBgn0038063",8,4,2,4,10,3,6
"FBgn0030354",2623,1442,1585,2225,3387,1383,1509
"FBgn0003091",3,1,3,2,13,4,2
"FBgn0036872",3,0,0,0,2,0,0
"FBgn0037472",378,211,196,263,358,153,199
"FBgn0004368",2872,1693,1850,2250,2841,1201,1267
"FBgn0050419",0,0,1,0,1,0,0
"FBgn0016984",4020,2003,2108,2916,4599,1748,1904
"FBgn0035009",0,0,0,0,0,0,0
"FBgn0003089",15,5,7,4,18,13,9
"FBgn0035700",0,0,0,0,0,0,0
"FBgn0030824",1,0,0,0,1,1,0
"FBgn0035077",8,13,19,11,19,11,6
"FBgn0042146",0,0,0,0,0,0,0
"FBgn0032210",734,183,215,492,871,202,268
"FBgn0034809",0,0,1,0,1,0,0
"FBgn0261552",4233,1335,1394,7022,16750,5224,4760
"FBgn0029756",219,125,123,209,253,102,117
"FBgn0038585",711,375,380,605,912,290,409
"FBgn0259935",91,56,58,30,45,26,18
"FBgn0039923",2235,483,418,1391,1778,513,469
"FBgn0053419",0,0,0,0,0,0,0
"FBgn0053907",2,0,0,0,0,0,0
"FBgn0032040",1699,895,1052,962,1537,652,791
"FBgn0004369",1049,420,474,1033,1873,738,738
"FBgn0038603",16,10,9,33,41,21,17
"FBgn0033380",592,305,338,423,734,244,320
"FBgn0030852",64,20,25,30,75,15,11
"FBgn0036134",1614,795,980,1372,2097,814,868
"FBgn0038629",16,9,10,5,10,3,2
"FBgn0261535",939,455,517,861,1121,414,488
"FBgn0029727",0,0,0,0,0,0,0
"FBgn0033599",0,0,0,0,0,0,0
"FBgn0039110",1157,891,948,982,1303,590,773
"FBgn0032132",0,0,0,0,0,0,0
"FBgn0035434",1,1,0,1,2,1,1
"FBgn0052743",4548,2812,2685,3947,5171,2526,2383
"FBgn0053276",133,28,27,51,150,36,29
"FBgn0024360",312,219,191,244,320,149,172
"FBgn0035604",0,0,0,0,0,0,0
"FBgn0029518",2,2,2,4,7,2,1
"FBgn0038869",607,383,392,548,812,322,444
"FBgn0033348",331,152,131,208,320,105,130
"FBgn0259147",1,1,1,2,5,2,4
"FBgn0003302",99,59,58,72,181,70,58
"FBgn0031421",454,239,283,312,429,167,187
"FBgn0020299",10,3,2,8,21,3,5
"FBgn0044011",1,0,0,0,0,0,0
"FBgn0034572",944,419,453,629,1042,378,447
"FBgn0041247",0,0,0,0,0,0,0
"FBgn0038915",0,0,0,0,0,0,0
"FBgn0026080",720,348,415,531,914,301,379
"FBgn0033515",0,0,0,0,0,0,0
"FBgn0036984",195,81,117,74,137,57,68
"FBgn0030793",745,406,454,544,815,315,434
"FBgn0036652",8,7,8,6,15,4,6
"FBgn0053289",0,0,0,0,0,0,0
"FBgn0260439",10423,5074,5407,7629,10755,4227,4844
"FBgn0030887",4,0,1,2,3,3,0
"FBgn0051473",1,4,3,4,3,0,3
"FBgn0260986",542,323,306,396,656,227,317
"FBgn0015562",1036,482,576,651,993,311,377
"FBgn0250822",0,0,0,0,0,0,0
"FBgn0032526",0,0,0,0,0,0,0
"FBgn0083008",1,0,0,0,0,0,0
"FBgn0085253",0,0,0,0,0,0,0
"FBgn0010225",17497,7960,8403,15301,26008,9522,11947
"FBgn0038404",11,3,11,5,8,5,4
"FBgn0051221",12,5,4,6,8,1,2
"FBgn0030410",145,86,116,121,167,68,68
"FBgn0011703",4308,1799,2013,3562,4889,1735,1951
"FBgn0028893",0,0,0,0,0,0,1
"FBgn0039924",876,183,225,526,733,195,227
"FBgn0031431",0,0,0,0,0,0,0
"FBgn0038110",766,405,464,635,747,290,368
"FBgn0034706",35,20,15,21,44,20,19
"FBgn0052333",0,1,1,1,1,1,0
"FBgn0031266",2179,1057,1063,1642,2496,988,1029
"FBgn0031398",188,68,96,105,200,50,75
"FBgn0038686",610,334,347,472,699,296,300
"FBgn0086448",207,38,47,113,123,23,40
"FBgn0031446",0,1,0,2,1,1,0
"FBgn0035253",4754,2739,3015,2128,6430,2546,2663
"FBgn0032457",1,1,2,0,0,0,3
"FBgn0053500",0,0,0,0,0,0,0
"FBgn0032413",2,0,0,0,2,0,0
"FBgn0040352",2,0,1,0,3,0,0
"FBgn0029131",1707,965,1095,1691,2220,1019,1122
"FBgn0004921",3559,1400,1341,2723,4377,1170,1441
"FBgn0028526",8,0,0,2,2,2,1
"FBgn0085193",0,0,0,0,0,0,0
"FBgn0030842",1909,1015,1052,953,2327,1077,916
"FBgn0039966",151,65,50,124,169,66,82
"FBgn0029914",525,284,298,383,606,211,281
"FBgn0033999",0,0,1,0,2,0,0
"FBgn0033369",0,0,0,0,0,0,0
"FBgn0259682",21,8,10,10,29,15,13
"FBgn0032916",557,247,271,449,673,177,232
"FBgn0036044",0,0,1,0,0,0,0
"FBgn0003057",0,0,0,0,1,0,0
"FBgn0052009",9,1,2,5,2,2,1
"FBgn0000568",5275,2659,2729,2549,7702,3323,2825
"FBgn0031324",0,0,0,0,0,0,0
"FBgn0086671",2,0,1,9,5,1,1
"FBgn0031766",0,0,0,0,1,0,0
"FBgn0086066",0,0,0,0,0,0,0
"FBgn0004896",12,4,2,6,17,8,5
"FBgn0029857",799,465,554,707,1054,413,528
"FBgn0003034",0,0,0,0,1,0,0
"FBgn0030360",63,21,18,28,37,17,18
"FBgn0030812",2815,1599,1564,2028,3735,1553,1575
"FBgn0036566",5000,2284,2267,3857,4772,1970,2093
"FBgn0035068",0,0,0,0,0,0,0
"FBgn0015000",1367,691,779,1122,1658,563,733
"FBgn0038032",0,0,0,0,0,0,0
"FBgn0040336",493,303,303,546,528,250,300
"FBgn0002891",1845,864,926,946,1611,625,634
"FBgn0034579",252,106,117,151,202,55,77
"FBgn0051867",0,0,0,0,0,0,0
"FBgn0025574",883,373,350,357,733,234,239
"FBgn0037144",60,29,56,94,79,39,47
"FBgn0046828",0,0,0,0,0,0,0
"FBgn0037230",23,8,11,7,24,9,9
"FBgn0053404",0,0,0,0,0,0,0
"FBgn0036365",1616,942,970,966,1600,629,719
"FBgn0011556",0,0,0,0,0,0,0
"FBgn0031701",1,1,0,0,1,0,1
"FBgn0035085",245,135,150,1176,1579,651,785
"FBgn0040256",179,67,68,109,169,67,80
"FBgn0035542",513,269,329,348,1470,578,538
"FBgn0039449",425,240,221,318,485,187,222
"FBgn0033190",76,32,54,40,78,29,38
"FBgn0052246",2,1,2,0,2,2,0
"FBgn0036589",0,0,0,0,0,0,0
"FBgn0002069",6017,3385,3717,3977,6005,2542,3217
"FBgn0260777",1,1,0,0,0,0,0
"FBgn0010425",0,0,0,0,0,0,0
"FBgn0035325",4,1,5,2,1,0,1
"FBgn0031268",318,111,135,124,156,65,64
"FBgn0037827",0,0,0,0,0,0,0
"FBgn0035089",16,6,7,10,17,2,5
"FBgn0037205",927,384,387,695,1020,346,371
"FBgn0004878",11,2,2,5,6,4,3
"FBgn0033365",1,1,0,1,1,3,0
"FBgn0005536",5947,3136,3273,4426,6851,2877,2834
"FBgn0035524",867,331,416,637,1247,336,453
"FBgn0053849",0,0,0,0,0,0,0
"FBgn0032276",0,0,0,0,0,0,0
"FBgn0011705",3547,1095,1186,2130,2734,1009,1080
"FBgn0052036",41,22,18,36,38,15,16
"FBgn0036972",1,1,2,2,1,0,0
"FBgn0050025",0,0,0,0,0,0,0
"FBgn0032006",19411,10985,11114,13593,19822,8042,8581
"FBgn0259918",36,25,21,24,34,17,28
"FBgn0038126",0,1,1,0,0,1,0
"FBgn0042125",61,41,49,36,53,34,43
"FBgn0034187",113,58,44,55,117,33,40
"FBgn0039039",1,0,0,0,2,1,0
"FBgn0037756",5699,1992,2345,3079,6210,1687,2243
"FBgn0035765",1331,591,621,449,816,242,254
"FBgn0065100",1,0,1,1,8,1,1
"FBgn0032117",233,82,95,186,186,79,83
"FBgn0085296",1,1,1,0,2,1,0
"FBgn0038673",265,108,92,159,284,75,85
"FBgn0067709",1,0,1,0,0,0,0
"FBgn0030739",571,270,258,432,602,205,254
"FBgn0032261",196,115,126,149,245,93,102
"FBgn0030030",289,101,100,189,290,82,119
"FBgn0036906",115,33,24,67,91,25,32
"FBgn0259932",0,0,0,0,0,0,0
"FBgn0032192",87,37,22,57,94,25,30
"FBgn0086355",6533,4556,5067,3609,4875,2328,2576
"FBgn0041606",16,5,3,0,8,4,1
"FBgn0024285",2828,1768,1934,2097,3624,1516,1734
"FBgn0086663",7,2,2,2,5,1,2
"FBgn0033101",1138,756,714,826,1139,520,577
"FBgn0085304",1,0,2,0,1,0,0
"FBgn0032045",2,1,2,2,7,2,1
"FBgn0034366",492,185,216,311,365,131,141
"FBgn0037881",1212,712,849,1041,1474,614,744
"FBgn0036091",7,3,3,5,5,2,4
"FBgn0034361",283,193,247,212,301,143,178
"FBgn0032780",154,32,36,135,299,36,57
"FBgn0004028",16,5,8,9,6,4,7
"FBgn0046294",0,0,0,0,1,0,0
"FBgn0029752",3,0,0,0,1,0,1
"FBgn0260394",0,0,0,0,0,0,0
"FBgn0027109",0,0,0,0,0,0,0
"FBgn0046685",1889,1145,1159,1331,1869,832,972
"FBgn0037383",283,145,150,207,323,127,147
"FBgn0036352",1,2,5,3,0,1,0
"FBgn0002283",445,257,309,439,541,233,267
"FBgn0000524",1486,869,817,901,1399,550,594
"FBgn0038377",0,0,0,1,0,0,0
"FBgn0034936",1021,557,679,774,1113,410,547
"FBgn0020764",928,570,657,1051,1480,589,737
"FBgn0053645",41,6,7,9,11,12,4
"FBgn0036316",7671,3579,3919,5467,5258,2261,2713
"FBgn0032249",166,73,91,134,163,65,63
"FBgn0033547",231,74,77,156,252,76,71
"FBgn0010516",2531,1398,1544,2375,3291,1301,1690
"FBgn0261261",1533,840,808,1614,1971,907,939
"FBgn0032031",391,199,240,273,428,176,208
"FBgn0029746",29,3,2,2,4,4,5
"FBgn0031023",2928,1998,1970,1851,3367,1618,1603
"FBgn0031993",17821,9403,9314,17122,21513,9724,9696
"FBgn0015584",0,0,0,1,1,0,0
"FBgn0052287",0,0,0,0,0,0,0
"FBgn0001325",0,1,1,2,0,0,0
"FBgn0083956",7,3,1,3,4,1,0
"FBgn0035657",0,0,0,0,0,0,0
"FBgn0085310",0,0,0,0,0,2,0
"FBgn0033933",0,0,0,0,0,0,0
"FBgn0010830",733,351,440,539,932,344,362
"FBgn0031298",1469,753,886,930,1620,641,745
"FBgn0050390",224,119,172,229,272,102,159
"FBgn0031520",0,0,0,1,3,0,0
"FBgn0082973",8,0,0,0,7,1,0
"FBgn0065059",0,0,0,0,0,0,0
"FBgn0028950",2,0,0,1,0,0,0
"FBgn0034649",0,0,0,0,0,0,0
"FBgn0036214",36,9,8,18,41,11,18
"FBgn0052438",1855,599,522,1030,1821,529,544
"FBgn0261260",10109,5961,5691,6558,9716,4447,4281
"FBgn0025381",9359,5690,6045,7596,10982,4851,5557
"FBgn0038034",725,297,349,472,681,248,352
"FBgn0050005",366,140,177,254,330,132,163
"FBgn0035267",71,45,38,39,36,20,10
"FBgn0031980",24781,13176,16109,16353,26727,9570,16418
"FBgn0052289",0,0,0,0,0,0,0
"FBgn0052523",1,1,1,0,2,2,1
"FBgn0034948",2077,914,1003,1535,1884,704,939
"FBgn0004066",5056,2535,2815,1985,4259,1776,2265
"FBgn0024555",4983,2046,2047,3412,5769,1888,1871
"FBgn0039200",0,0,0,0,0,0,0
"FBgn0038078",1,0,0,0,0,0,0
"FBgn0034383",0,0,0,0,0,0,0
"FBgn0037340",280,157,145,180,282,84,124
"FBgn0036578",481,201,178,388,516,170,207
"FBgn0000233",7,1,4,7,20,2,4
"FBgn0025641",1319,816,841,1058,1035,491,498
"FBgn0039404",333,156,176,232,385,116,157
"FBgn0037017",61,18,9,25,70,10,19
"FBgn0030186",4,0,2,1,1,0,2
"FBgn0053728",0,0,0,0,0,0,0
"FBgn0040973",1,1,0,1,1,0,0
"FBgn0033580",1,0,0,0,0,0,0
"FBgn0052379",0,1,0,0,0,0,0
"FBgn0034224",0,0,0,0,0,0,0
"FBgn0031194",1229,567,642,843,1399,550,600
"FBgn0034748",543,258,292,371,614,200,278
"FBgn0259219",2,1,3,1,3,2,1
"FBgn0037518",362,177,193,204,378,110,128
"FBgn0037536",1765,650,741,1029,1649,632,727
"FBgn0032178",85,28,43,88,59,23,34
"FBgn0016054",522,220,248,383,583,212,240
"FBgn0034709",1288,831,839,864,2131,821,1006
"FBgn0031483",1313,545,595,614,1171,396,445
"FBgn0029969",670,331,360,617,773,341,367
"FBgn0039691",4110,2059,2232,3063,4840,1572,2020
"FBgn0035312",263,133,146,289,397,179,212
"FBgn0053534",0,0,0,0,0,0,0
"FBgn0004362",6450,2614,2658,4093,6807,1856,2120
"FBgn0004509",2094,1179,1303,1580,2491,1095,1133
"FBgn0260447",1,0,1,0,1,2,1
"FBgn0005612",1201,595,688,721,1462,498,528
"FBgn0033860",3,2,1,1,2,0,0
"FBgn0034527",603,365,426,445,763,282,333
"FBgn0083059",0,0,0,0,0,0,0
"FBgn0053848",0,0,0,0,0,0,0
"FBgn0039777",0,0,0,0,0,0,0
"FBgn0029974",62,32,26,39,47,19,26
"FBgn0004783",0,0,0,0,0,0,0
"FBgn0031786",0,0,0,0,0,0,0
"FBgn0030073",1444,895,1032,1242,2151,888,993
"FBgn0004872",2272,854,775,1085,1576,563,571
"FBgn0053530",1,1,0,0,0,0,0
"FBgn0035591",392,213,222,304,472,160,200
"FBgn0033301",1,0,1,2,0,1,0
"FBgn0043577",1,0,0,0,1,0,0
"FBgn0036518",4367,2424,2598,3209,6364,2548,2489
"FBgn0051213",41,13,16,28,46,16,11
"FBgn0000053",3265,1954,2069,2253,2882,1281,1575
"FBgn0045500",0,0,0,0,0,0,0
"FBgn0046825",6,4,2,1,16,3,0
"FBgn0000261",2582,1359,1649,2072,3344,1480,1514
"FBgn0050326",4,3,0,0,0,2,2
"FBgn0051641",2787,790,928,1503,3565,967,1084
"FBgn0030735",1878,838,898,1491,2062,864,949
"FBgn0015320",1845,885,917,1187,2132,798,826
"FBgn0036433",60,28,27,46,92,22,22
"FBgn0051367",1029,424,470,736,1501,422,484
"FBgn0032681",126,57,73,32,91,40,37
"FBgn0037609",1112,480,531,829,1133,388,507
"FBgn0050197",2,1,0,0,1,0,1
"FBgn0013323",5,2,3,1,6,5,3
"FBgn0037360",2659,1383,1607,1888,2962,1211,1503
"FBgn0036242",0,0,1,0,1,0,0
"FBgn0042103",0,0,0,0,0,0,0
"FBgn0035059",411,230,265,283,577,203,217
"FBgn0020240",5238,2281,2450,2522,3277,1312,1330
"FBgn0027581",2270,1205,1252,1698,2565,941,1031
"FBgn0040590",4,2,1,4,9,2,3
"FBgn0010774",2515,1278,1188,1685,3097,1149,1238
"FBgn0011915",0,0,0,0,0,0,0
"FBgn0035507",1284,541,501,1036,1532,613,530
"FBgn0040353",1,0,0,0,0,0,0
"FBgn0000404",4292,1849,2014,2988,4150,1538,1674
"FBgn0036751",2,0,1,1,1,1,3
"FBgn0039722",1,0,0,1,0,1,1
"FBgn0040393",0,0,0,1,0,0,0
"FBgn0030949",0,0,0,0,0,0,0
"FBgn0033312",39,22,24,11,26,15,24
"FBgn0035381",1,2,1,0,0,0,0
"FBgn0064237",1,0,2,0,0,0,0
"FBgn0036998",386,99,106,236,322,66,95
"FBgn0031564",0,0,0,1,0,0,0
"FBgn0023169",1008,640,648,997,1437,629,767
"FBgn0040505",40,19,17,18,87,37,30
"FBgn0002989",475,266,286,447,596,226,240
"FBgn0036490",0,0,0,0,0,0,0
"FBgn0040793",2103,973,1059,1465,1940,637,949
"FBgn0259171",1153,730,821,686,1258,560,591
"FBgn0063382",1,0,0,0,1,0,0
"FBgn0036484",1299,699,730,984,1536,523,688
"FBgn0050340",272,76,103,172,257,84,108
"FBgn0037442",3753,1707,2084,2746,4509,1648,1891
"FBgn0260938",3963,2030,2112,2873,5335,2124,2065
"FBgn0032705",602,303,310,518,718,308,277
"FBgn0004174",0,0,0,0,0,0,0
"FBgn0260812",0,0,0,0,1,0,0
"FBgn0029840",1240,836,875,1165,1741,874,875
"FBgn0004009",3,0,2,0,3,0,2
"FBgn0033707",1,1,0,0,0,0,0
"FBgn0030170",370,156,176,362,460,152,149
"FBgn0051427",0,0,0,0,2,1,1
"FBgn0032299",0,0,0,0,1,0,0
"FBgn0011288",81,16,20,23,47,12,11
"FBgn0022153",4379,2156,2381,3416,4610,1823,2019
"FBgn0035138",3,3,2,8,6,1,3
"FBgn0032553",0,0,0,0,0,0,0
"FBgn0029114",2157,828,879,1913,2911,1045,1018
"FBgn0011260",807,243,257,82,253,50,50
"FBgn0011016",3657,1508,1643,1914,2549,871,1163
"FBgn0053410",0,0,0,0,0,0,0
"FBgn0034942",1,0,0,0,1,0,0
"FBgn0085209",2,1,3,2,0,0,0
"FBgn0038381",150,74,79,260,309,121,178
"FBgn0037220",2209,1165,1301,1804,2652,997,1227
"FBgn0038068",7,5,2,0,1,0,1
"FBgn0030263",2524,1443,1611,1727,2629,1015,1450
"FBgn0038578",758,417,482,659,831,318,394
"FBgn0030536",12,0,2,2,6,1,2
"FBgn0045038",2,3,0,2,8,0,2
"FBgn0031094",310,181,204,220,313,118,148
"FBgn0040837",286,158,144,162,421,130,177
"FBgn0035855",27,8,9,20,41,7,13
"FBgn0039308",0,0,0,0,0,0,0
"FBgn0085456",0,0,0,2,0,1,0
"FBgn0016075",57255,39830,35726,31354,50152,22076,23146
"FBgn0039527",37,17,25,33,75,32,35
"FBgn0038213",2,1,1,6,3,1,2
"FBgn0033368",150,71,90,29,92,24,30
"FBgn0027086",5109,1952,2022,4256,5377,2113,2224
"FBgn0086784",1261,729,766,1034,1538,626,786
"FBgn0030314",830,486,547,572,995,409,479
"FBgn0052286",0,0,0,0,0,0,0
"FBgn0033703",0,0,0,0,0,0,0
"FBgn0259954",0,0,0,0,0,0,0
"FBgn0053806",0,0,0,0,0,0,0
"FBgn0052380",1883,919,915,1324,1900,672,822
"FBgn0053147",0,1,2,0,3,0,0
"FBgn0002440",79,29,31,67,40,22,27
"FBgn0039876",559,233,299,304,405,148,162
"FBgn0037778",278,119,114,160,270,78,75
"FBgn0010296",0,0,0,0,0,0,0
"FBgn0035923",986,416,388,661,1179,421,436
"FBgn0034229",3,0,2,1,2,2,1
"FBgn0003983",2,1,3,3,2,1,1
"FBgn0003961",7,3,5,4,4,2,4
"FBgn0014861",2602,1427,1404,1998,2760,1045,1236
"FBgn0010114",7,2,4,5,5,4,4
"FBgn0034013",2733,1432,1560,1586,2289,961,979
"FBgn0038451",0,0,0,0,0,0,0
"FBgn0032497",372,171,193,162,416,139,154
"FBgn0038950",742,385,477,588,859,358,497
"FBgn0036491",1,0,0,2,0,0,1
"FBgn0001989",1251,615,603,860,1600,567,724
"FBgn0022349",4063,1715,1777,2632,5546,1830,1930
"FBgn0015624",9247,5299,4901,6357,12915,6278,5334
"FBgn0004456",5418,2509,2659,5475,6947,2576,2796
"FBgn0032876",976,390,431,564,1004,333,335
"FBgn0036217",0,0,0,0,0,0,0
"FBgn0051740",0,0,0,0,0,0,0
"FBgn0038787",7174,3856,4183,5561,8272,3271,3281
"FBgn0022710",158,81,73,82,231,96,72
"FBgn0036107",302,67,104,170,285,45,112
"FBgn0032635",1207,597,626,531,889,331,398
"FBgn0082997",1,0,0,5,8,1,0
"FBgn0040972",0,0,0,0,0,0,0
"FBgn0026566",1216,667,690,815,1191,447,611
"FBgn0036899",0,1,1,1,1,1,1
"FBgn0038045",9,0,1,3,6,1,1
"FBgn0026878",14,3,8,7,8,5,9
"FBgn0053758",19,2,3,4,4,2,3
"FBgn0260012",3279,1307,1409,2264,3684,1257,1403
"FBgn0011971",0,0,0,1,0,0,0
"FBgn0036115",3,0,2,2,2,1,2
"FBgn0053958",0,0,0,0,0,0,0
"FBgn0033170",65,39,50,30,43,22,30
"FBgn0043900",1774,857,798,1117,2178,853,809
"FBgn0067717",1,1,0,0,2,0,0
"FBgn0037239",822,389,420,1022,1632,604,735
"FBgn0052856",185,45,62,92,186,26,41
"FBgn0051730",0,0,0,0,0,0,0
"FBgn0033614",0,0,0,0,0,0,0
"FBgn0037686",22517,12030,12395,14852,33527,10853,14058
"FBgn0035641",614,176,183,302,516,180,134
"FBgn0036876",0,0,0,1,0,0,0
"FBgn0031531",0,0,0,0,0,0,0
"FBgn0025352",2889,1721,2063,2579,4255,1768,2184
"FBgn0053737",0,0,0,0,0,0,0
"FBgn0051713",125,47,70,64,139,39,63
"FBgn0053836",0,0,0,0,0,0,0
"FBgn0004924",5360,2581,2876,3566,6733,2350,2549
"FBgn0032393",1317,785,807,912,1339,625,715
"FBgn0038272",989,435,508,561,1068,376,468
"FBgn0036428",282,87,99,139,382,116,122
"FBgn0046763",3356,1259,1368,3235,5492,1338,1584
"FBgn0050239",2,3,0,2,1,0,3
"FBgn0033497",4,0,0,0,1,0,0
"FBgn0033592",1,0,1,0,0,0,0
"FBgn0037913",1402,254,219,1023,1141,104,215
"FBgn0037606",409,168,209,334,559,195,222
"FBgn0030048",1313,412,441,923,1307,359,457
"FBgn0030010",111,61,64,83,125,42,58
"FBgn0038767",407,213,282,301,469,146,206
"FBgn0033423",26,15,18,27,60,24,19
"FBgn0086367",25,11,15,6,6,10,2
"FBgn0035584",0,0,0,0,0,0,0
"FBgn0026754",1,0,1,1,0,0,0
"FBgn0029643",8,9,5,5,11,5,5
"FBgn0086054",8,4,1,1,2,2,3
"FBgn0053396",0,0,0,0,0,0,0
"FBgn0035548",0,0,0,1,0,0,0
"FBgn0035851",1218,542,580,835,1166,402,505
"FBgn0039654",1201,697,783,744,1195,505,544
"FBgn0020399",5,1,1,0,5,1,1
"FBgn0004959",2,2,2,1,1,1,0
"FBgn0037901",998,525,526,534,847,323,378
"FBgn0039679",62,4,1,19,86,3,1
"FBgn0052602",1,0,0,1,0,2,1
"FBgn0030958",34,18,15,62,37,14,17
"FBgn0030823",0,3,1,1,0,0,0
"FBgn0003716",1073,485,502,724,1036,412,526
"FBgn0015774",251,125,124,121,227,91,78
"FBgn0015279",3970,1998,2120,3006,4384,1651,1854
"FBgn0031695",24,6,6,16,23,7,12
"FBgn0035473",1408,693,705,1123,1766,566,704
"FBgn0052453",0,0,0,0,0,0,0
"FBgn0020506",1,0,1,1,0,0,0
"FBgn0030202",0,0,0,0,0,0,0
"FBgn0038180",10,2,7,3,5,0,4
"FBgn0039872",6,5,5,6,11,8,2
"FBgn0020655",1553,818,857,1148,1847,747,812
"FBgn0086658",15,0,0,0,4,0,0
"FBgn0261286",1564,638,600,1215,1891,567,624
"FBgn0040508",4,0,4,2,1,0,1
"FBgn0031893",735,313,315,525,954,278,330
"FBgn0052727",1,0,0,0,2,0,0
"FBgn0014466",9,5,4,7,10,3,1
"FBgn0015772",1190,538,560,862,1482,494,562
"FBgn0037147",2,1,1,1,2,1,0
"FBgn0030346",213,140,166,168,247,101,139
"FBgn0026176",23,10,6,21,16,8,11
"FBgn0261049",465,169,195,303,554,160,178
"FBgn0051224",3635,1931,1940,2615,4522,1622,1696
"FBgn0031005",1,2,3,3,2,1,0
"FBgn0030390",0,1,1,1,0,1,0
"FBgn0031731",0,1,0,0,0,0,0
"FBgn0002924",6995,4144,4523,4933,8161,3138,3731
"FBgn0034128",5,1,1,2,4,2,3
"FBgn0039656",7,3,3,4,8,4,5
"FBgn0015591",5,2,0,0,7,1,1
"FBgn0031117",602,355,454,260,350,144,196
"FBgn0039161",1,0,1,0,3,0,1
"FBgn0033786",3633,2394,2642,2716,3626,1638,1949
"FBgn0035603",1012,479,531,527,838,290,411
"FBgn0084001",53,18,14,16,30,8,9
"FBgn0041097",0,0,3,2,0,0,0
"FBgn0039224",0,0,0,0,2,0,0
"FBgn0067696",0,0,0,0,0,0,0
"FBgn0052212",0,0,1,0,0,0,0
"FBgn0051798",41,18,17,86,55,25,28
"FBgn0033542",2,0,1,0,0,0,0
"FBgn0259181",5,1,3,3,11,2,2
"FBgn0037579",6,1,1,0,0,0,0
"FBgn0015391",5175,2182,2227,3249,5295,1834,2028
"FBgn0039237",0,0,0,0,1,0,0
"FBgn0014388",41589,15729,17421,21077,55919,18417,17750
"FBgn0038319",419,222,297,361,567,163,229
"FBgn0052694",0,0,0,1,1,0,0
"FBgn0023526",525,265,314,343,690,288,290
"FBgn0038538",4,5,4,4,5,4,5
"FBgn0036158",0,0,0,1,0,0,0
"FBgn0051437",2,1,0,1,2,0,3
"FBgn0000464",2446,1183,1204,1654,2928,1168,1081
"FBgn0038484",24,14,8,57,47,22,29
"FBgn0038499",1302,611,638,1057,1422,583,648
"FBgn0035064",455,225,239,328,538,181,224
"FBgn0036476",461,214,202,314,572,171,166
"FBgn0033938",0,0,0,0,0,0,0
"FBgn0032405",255,113,129,25,41,19,18
"FBgn0025720",1082,460,573,751,1284,478,529
"FBgn0037709",503,180,192,385,419,171,251
"FBgn0038476",3086,1298,1351,1335,1870,693,808
"FBgn0033427",372,136,146,211,289,92,123
"FBgn0035399",9,3,6,8,12,6,5
"FBgn0034219",1027,440,519,1336,1123,578,729
"FBgn0034144",0,0,0,0,1,0,0
"FBgn0086368",0,0,0,0,1,0,0
"FBgn0036208",0,0,0,0,1,1,0
"FBgn0030544",0,0,0,0,0,0,0
"FBgn0032318",0,0,0,0,1,0,0
"FBgn0036627",13,2,3,6,9,2,2
"FBgn0029897",34447,28811,31451,38594,45862,24440,35776
"FBgn0050466",190,40,27,109,133,37,29
"FBgn0014143",0,0,0,0,0,0,0
"FBgn0023537",2201,1297,1371,2305,3269,1164,1641
"FBgn0033250",0,0,0,0,0,0,0
"FBgn0051561",0,0,0,0,0,0,0
"FBgn0034173",1,0,0,1,0,1,0
"FBgn0038736",3129,1382,1510,2272,3539,1369,1426
"FBgn0030616",30069,17863,20746,23736,45897,16343,22672
"FBgn0038815",413,166,167,165,241,90,101
"FBgn0061515",2615,999,1056,1232,3036,718,810
"FBgn0036600",0,0,0,0,1,0,0
"FBgn0003255",28,10,26,11,19,12,14
"FBgn0034783",0,0,0,0,0,0,1
"FBgn0020251",591,221,238,439,662,218,230
"FBgn0052548",3,0,1,0,1,0,1
"FBgn0261059",11,3,4,7,10,2,1
"FBgn0053252",0,0,0,2,1,0,0
"FBgn0052248",0,0,0,0,0,0,0
"FBgn0031791",1,1,0,0,1,0,1
"FBgn0036078",0,0,0,0,0,0,0
"FBgn0012025",0,0,0,0,0,0,0
"FBgn0053339",0,0,0,0,0,0,0
"FBgn0004650",159,68,91,168,341,102,120
"FBgn0035099",1535,625,594,967,1288,520,591
"FBgn0050202",0,0,0,0,0,0,0
"FBgn0260763",12,3,6,3,4,3,5
"FBgn0027865",1130,359,309,372,747,203,197
"FBgn0052564",0,0,0,0,0,1,0
"FBgn0039031",0,0,0,0,0,0,0
"FBgn0053503",48,33,50,43,52,58,67
"FBgn0034820",0,0,0,0,0,0,0
"FBgn0260635",14241,6862,7850,10252,14940,5879,6642
"FBgn0003042",321,121,176,242,335,154,132
"FBgn0052614",0,0,0,0,0,0,0
"FBgn0011745",2667,1254,1443,1684,2688,1028,1326
"FBgn0030624",0,0,0,0,0,0,0
"FBgn0035976",549,264,248,364,530,180,249
"FBgn0038428",937,405,391,482,830,248,358
"FBgn0037443",2198,1133,1148,1090,2777,1160,1210
"FBgn0033698",2056,931,1019,1412,1845,801,817
"FBgn0034405",4926,2135,2387,2105,3203,1153,1458
"FBgn0003087",276,59,49,147,179,36,33
"FBgn0035401",1390,710,857,1236,1487,638,840
"FBgn0035376",5786,3493,3493,4401,9306,4457,3509
"FBgn0036782",5,3,0,2,4,2,2
"FBgn0029929",473,274,307,373,610,240,288
"FBgn0040344",699,347,329,571,756,320,322
"FBgn0030968",141,100,112,129,146,49,88
"FBgn0016641",987,491,529,796,1294,466,430
"FBgn0052264",1200,727,876,933,1767,866,747
"FBgn0034997",8406,4580,4768,5574,7746,3206,3606
"FBgn0086072",2,0,0,1,0,0,0
"FBgn0028938",2,1,0,1,1,0,0
"FBgn0028909",0,0,0,0,0,0,0
"FBgn0035100",15,8,7,14,19,15,9
"FBgn0039471",0,0,0,0,0,0,0
"FBgn0038820",1,0,0,0,0,0,0
"FBgn0020887",1521,737,817,1507,2082,783,806
"FBgn0065102",0,0,0,0,0,0,0
"FBgn0050468",0,0,0,0,1,0,1
"FBgn0047330",1,0,0,0,2,0,0
"FBgn0052835",0,0,0,0,0,0,0
"FBgn0030437",0,0,0,1,0,0,0
"FBgn0032643",9478,5173,5806,6105,9589,3928,4804
"FBgn0052451",1962,941,951,1439,2374,829,927
"FBgn0044328",0,0,0,0,0,0,0
"FBgn0032789",8,1,2,5,5,1,1
"FBgn0085471",1,0,0,1,3,0,1
"FBgn0086034",0,0,0,0,0,0,0
"FBgn0051253",0,0,0,0,0,0,0
"FBgn0083978",6,3,2,6,10,5,1
"FBgn0013301",0,0,0,0,0,0,0
"FBgn0046247",783,330,364,530,912,308,371
"FBgn0031505",1370,550,551,722,1057,340,557
"FBgn0024987",1774,984,1055,1570,2257,826,812
"FBgn0032180",0,2,1,0,3,0,1
"FBgn0004575",0,0,1,0,4,0,0
"FBgn0083012",6,0,0,3,0,0,0
"FBgn0032685",33,11,10,7,26,9,14
"FBgn0037853",2218,1057,1342,1165,2341,890,1046
"FBgn0052703",10,7,5,10,13,5,6
"FBgn0033440",0,0,1,0,0,0,0
"FBgn0032033",167,78,76,104,229,70,72
"FBgn0050265",0,0,0,0,0,0,0
"FBgn0010385",3,2,1,0,1,2,1
"FBgn0039022",137,45,60,98,179,61,59
"FBgn0036818",104,37,36,49,110,31,38
"FBgn0036124",1160,475,523,887,1445,494,550
"FBgn0024308",30452,17470,18410,22741,50285,21535,19031
"FBgn0033832",0,0,0,0,0,0,0
"FBgn0050366",0,0,0,0,0,0,0
"FBgn0028534",4,1,2,4,8,5,1
"FBgn0038960",0,0,0,0,1,0,1
"FBgn0039396",1,0,0,0,0,1,2
"FBgn0010383",31,20,14,25,52,27,28
"FBgn0011219",14983,4497,5239,9792,16821,4562,5073
"FBgn0034850",6,8,3,3,7,5,10
"FBgn0036770",2321,1125,1166,2456,3022,1208,1407
"FBgn0028943",10,2,5,2,6,2,0
"FBgn0011282",1,0,0,0,0,0,0
"FBgn0026199",3176,659,707,2130,2873,780,761
"FBgn0037664",4,6,1,2,2,1,4
"FBgn0033076",0,0,1,0,0,0,0
"FBgn0259966",0,0,0,0,1,0,0
"FBgn0031640",669,256,350,420,778,297,292
"FBgn0046258",29,13,14,3,5,3,5
"FBgn0028645",8,3,2,3,8,0,5
"FBgn0038453",1631,639,699,1026,1181,419,534
"FBgn0052112",211,74,89,141,257,88,101
"FBgn0011962",0,0,0,0,0,0,0
"FBgn0031213",1621,492,528,970,1224,522,551
"FBgn0086130",425,236,269,314,521,167,220
"FBgn0040350",0,1,2,0,1,0,0
"FBgn0037878",1732,839,845,1207,2041,615,816
"FBgn0027103",530,223,226,339,447,177,195
"FBgn0037036",6,1,0,2,6,2,2
"FBgn0037150",436,121,175,268,451,123,157
"FBgn0034155",1477,580,669,1042,1818,677,631
"FBgn0050503",0,0,0,0,0,0,0
"FBgn0035232",2116,1076,1175,2391,3265,1327,1497
"FBgn0039521",0,0,0,0,0,0,0
"FBgn0003138",3180,1775,2079,2350,4015,1617,1732
"FBgn0039784",2,1,1,0,2,0,0
"FBgn0032818",598,308,319,349,560,216,279
"FBgn0085201",1,0,0,0,0,0,0
"FBgn0037288",1,2,0,0,1,2,4
"FBgn0037323",0,1,0,1,0,0,0
"FBgn0038916",14,2,9,12,8,2,6
"FBgn0026876",455,223,208,282,441,148,195
"FBgn0034800",92,44,57,63,145,44,60
"FBgn0045852",2188,1277,1276,2222,4675,1735,1823
"FBgn0011952",0,0,0,0,0,0,0
"FBgn0039284",0,0,0,0,0,0,0
"FBgn0011481",1721,820,759,990,2492,890,730
"FBgn0037397",0,0,0,0,0,0,0
"FBgn0012344",7,4,2,5,7,5,5
"FBgn0033203",4,1,5,3,3,3,2
"FBgn0030815",3,1,2,1,2,0,3
"FBgn0052556",76,31,35,19,68,23,30
"FBgn0005596",1510,811,891,1040,1880,800,758
"FBgn0085473",0,0,0,0,0,0,0
"FBgn0031351",195,66,59,102,136,37,62
"FBgn0259999",0,0,0,0,0,0,0
"FBgn0038392",4,7,11,5,10,4,4
"FBgn0028544",2,3,4,7,6,4,3
"FBgn0011931",0,0,0,0,2,0,0
"FBgn0010409",33151,20995,22969,31030,43123,15231,24434
"FBgn0028399",4060,2088,2452,3824,4507,2168,2794
"FBgn0031186",2550,1028,1152,1777,3044,992,1137
"FBgn0024995",13,2,3,7,4,1,1
"FBgn0003891",20102,7972,8161,15454,29134,10299,9803
"FBgn0032018",2657,1133,1212,2490,3170,1266,1252
"FBgn0051106",2,1,0,1,1,0,0
"FBgn0051118",41,29,36,51,87,22,46
"FBgn0032074",12,6,2,7,11,1,3
"FBgn0016701",1120,498,526,781,1360,423,560
"FBgn0037326",2,1,0,0,3,0,0
"FBgn0033238",0,0,3,3,2,0,1
"FBgn0039413",4,4,1,3,3,1,2
"FBgn0028953",2668,1172,1434,1782,3807,1209,1301
"FBgn0035866",443,172,194,313,479,148,203
"FBgn0001125",3132,1864,2024,3064,3921,1665,1997
"FBgn0031174",2712,1531,1675,2019,3286,1447,1623
"FBgn0035131",56,21,28,25,42,23,29
"FBgn0039371",23,7,4,39,31,0,3
"FBgn0053217",252,37,40,160,71,25,36
"FBgn0052672",4529,1371,1644,2746,6011,1333,1697
"FBgn0085363",985,526,579,783,1175,437,472
"FBgn0032247",176,57,69,136,208,37,46
"FBgn0017572",2448,1091,1152,1887,2895,990,1128
"FBgn0051669",0,0,0,0,0,0,0
"FBgn0029128",7,5,4,7,22,5,4
"FBgn0037501",0,0,0,0,0,0,0
"FBgn0031675",58,53,51,38,82,29,33
"FBgn0032053",478,229,239,314,575,127,195
"FBgn0038247",6,1,5,5,9,2,3
"FBgn0011868",0,0,0,0,0,0,0
"FBgn0000084",2010,1366,1472,1849,2627,1283,1515
"FBgn0014848",0,0,0,0,0,0,0
"FBgn0040674",0,0,0,0,0,0,0
"FBgn0002622",54921,36281,41385,45990,71385,29207,41148
"FBgn0050398",18,1,9,4,8,5,7
"FBgn0034408",290,180,239,184,266,114,107
"FBgn0051235",0,1,0,1,1,1,2
"FBgn0037330",634,326,360,468,623,214,263
"FBgn0047303",0,0,1,1,2,1,0
"FBgn0053287",5,3,1,2,2,2,1
"FBgn0001254",1,2,0,0,2,0,1
"FBgn0039481",1,0,2,2,1,0,3
"FBgn0037594",2,0,1,0,1,0,0
"FBgn0039598",2,0,0,0,0,0,0
"FBgn0052711",195,46,61,84,166,44,57
"FBgn0082926",0,0,1,0,0,0,0
"FBgn0261285",648,277,263,589,854,357,302
"FBgn0013988",2895,1927,2171,3160,4177,2081,2347
"FBgn0085235",6,1,0,3,6,1,1
"FBgn0036622",98,41,71,89,113,53,54
"FBgn0038690",35,12,22,39,34,18,21
"FBgn0031092",778,424,412,597,914,347,402
"FBgn0039905",57,33,57,60,45,31,35
"FBgn0033760",16,6,8,1,1,3,3
"FBgn0011909",1,0,0,0,0,0,0
"FBgn0040798",0,0,0,0,0,0,0
"FBgn0032506",0,1,0,0,2,0,0
"FBgn0034624",1,0,1,0,1,0,0
"FBgn0037661",299,127,122,231,246,83,144
"FBgn0037446",1241,647,753,872,1672,601,735
"FBgn0010278",6353,3257,3728,3867,7102,2569,3073
"FBgn0031975",36,12,21,20,42,23,25
"FBgn0040554",44,10,21,20,40,10,17
"FBgn0010398",207,90,113,176,206,67,94
"FBgn0033355",2,1,2,2,0,0,0
"FBgn0032156",2061,901,966,1933,3057,1010,1137
"FBgn0259794",1,0,0,3,1,1,1
"FBgn0034437",2,0,2,2,1,1,1
"FBgn0002531",10,4,3,5,6,11,5
"FBgn0053822",0,0,0,0,0,0,0
"FBgn0051296",40,12,18,18,35,13,5
"FBgn0036104",1032,494,557,694,1146,401,458
"FBgn0027619",3610,1257,1494,2072,4397,1022,1313
"FBgn0014877",695,272,348,453,724,245,275
"FBgn0031145",3285,1183,1369,2112,4420,969,1306
"FBgn0037569",391,279,282,371,457,163,228
"FBgn0040992",0,0,0,0,0,0,0
"FBgn0037115",0,0,0,0,0,1,0
"FBgn0050156",227,128,131,210,251,96,133
"FBgn0034645",982,695,767,834,1243,485,645
"FBgn0036248",506,197,226,370,541,192,194
"FBgn0033422",38,27,22,28,63,31,26
"FBgn0034839",2,0,0,0,0,0,0
"FBgn0035906",1415,588,661,998,1862,520,686
"FBgn0015376",508,217,213,489,707,218,262
"FBgn0086446",668,344,384,467,654,211,331
"FBgn0032218",760,223,219,547,961,259,244
"FBgn0030525",13,3,5,6,6,4,2
"FBgn0000032",1698,696,757,1446,1713,615,672
"FBgn0037107",15,5,3,7,9,0,2
"FBgn0039207",3383,1524,1612,2684,3567,1288,1464
"FBgn0051201",14,2,0,11,3,1,0
"FBgn0035619",4,0,2,1,5,0,3
"FBgn0031547",275,89,105,565,483,186,296
"FBgn0260963",20,12,12,6,8,4,6
"FBgn0037296",14,4,6,2,12,5,2
"FBgn0037847",343,190,173,315,521,186,201
"FBgn0051029",73,41,34,32,76,32,28
"FBgn0039153",325,110,118,182,338,70,117
"FBgn0035902",104,50,41,66,89,31,46
"FBgn0053766",0,0,0,0,0,0,0
"FBgn0036889",231,95,100,140,230,60,92
"FBgn0038007",0,0,0,0,0,0,0
"FBgn0000547",648,302,374,225,528,248,208
"FBgn0053270",0,0,0,0,1,0,0
"FBgn0260780",31,16,25,22,43,11,13
"FBgn0035139",3,1,1,0,5,1,1
"FBgn0032833",4917,3134,3270,4123,4544,2473,2995
"FBgn0041225",72,39,34,42,55,12,24
"FBgn0053317",22,13,13,6,16,18,7
"FBgn0003936",0,0,0,0,0,0,0
"FBgn0001974",505,253,304,364,620,248,251
"FBgn0260759",0,0,0,0,0,0,0
"FBgn0022720",2900,1465,1635,2023,3449,1211,1472
"FBgn0015586",1,0,0,0,3,0,0
"FBgn0037040",8,0,3,3,7,3,1
"FBgn0000472",4639,1704,1998,2067,6534,1974,1850
"FBgn0030350",1502,650,692,806,1591,468,661
"FBgn0002719",11262,6360,7156,6433,13682,5910,6703
"FBgn0053688",0,0,0,0,0,0,0
"FBgn0035263",50,27,16,20,73,28,31
"FBgn0051560",1,0,0,0,0,0,0
"FBgn0025815",3012,1943,1944,2428,3070,1358,1608
"FBgn0035989",566,228,245,363,701,221,244
"FBgn0054049",0,0,0,0,0,0,0
"FBgn0015331",1349,651,752,986,1602,545,631
"FBgn0050274",0,0,0,0,0,0,0
"FBgn0065071",3,4,3,4,6,1,5
"FBgn0033589",0,0,0,0,0,0,0
"FBgn0029717",0,0,0,0,0,0,0
"FBgn0010441",1057,576,664,972,1532,570,619
"FBgn0015789",3076,1263,1392,2166,3212,1041,1199
"FBgn0036789",0,0,0,0,0,0,0
"FBgn0028670",5888,3416,3777,4382,5423,2276,2841
"FBgn0035501",17,10,6,11,24,9,13
"FBgn0042711",1,0,2,3,3,1,3
"FBgn0034854",3774,1735,1947,2443,4404,1647,1708
"FBgn0053936",13541,4186,4717,6539,17922,4286,4546
"FBgn0033738",2271,1182,1228,1436,2231,847,861
"FBgn0033668",44,3,0,9,18,0,1
"FBgn0035384",0,0,0,0,0,0,0
"FBgn0051646",0,0,0,0,0,0,0
"FBgn0029971",1305,605,747,1025,1610,476,717
"FBgn0037310",3,0,1,2,4,2,1
"FBgn0259216",57,7,7,33,26,6,7
"FBgn0037671",5962,3151,3696,4258,5919,2433,3039
"FBgn0001174",1,0,0,0,1,0,2
"FBgn0035563",0,0,0,0,1,0,0
"FBgn0038452",4,1,2,0,1,0,1
"FBgn0032321",874,380,453,637,1237,332,445
"FBgn0052377",1,0,0,0,3,0,1
"FBgn0038912",738,364,363,849,1069,429,471
"FBgn0027601",656,294,332,587,784,374,357
"FBgn0032763",192,72,96,118,186,58,78
"FBgn0030854",1466,564,580,862,1306,342,459
"FBgn0000541",9965,3240,3052,5941,11241,3252,2889
"FBgn0067707",0,0,0,0,0,0,0
"FBgn0027074",1,0,0,2,1,0,1
"FBgn0011955",0,0,0,0,0,0,0
"FBgn0034707",666,311,411,444,658,262,319
"FBgn0027580",1193,739,835,1878,2372,1214,1222
"FBgn0086369",1,0,0,0,0,0,0
"FBgn0085353",18,24,33,57,30,20,7
"FBgn0036300",629,274,314,509,573,161,279
"FBgn0001105",6707,3340,3644,4159,7751,2722,3062
"FBgn0036013",0,1,0,0,1,0,0
"FBgn0035346",1492,704,727,844,1273,521,522
"FBgn0031905",1,1,0,0,1,0,0
"FBgn0034330",0,0,0,0,0,0,0
"FBgn0033556",369,127,144,237,375,149,165
"FBgn0028497",2125,1150,1252,1621,2766,1020,1192
"FBgn0031886",842,301,305,460,761,243,287
"FBgn0000258",2793,640,639,1585,2208,545,585
"FBgn0037621",924,530,634,985,1095,482,559
"FBgn0030077",370,269,350,372,640,325,377
"FBgn0261529",8,2,5,2,2,0,5
"FBgn0000640",1,0,2,0,8,0,0
"FBgn0004573",4,5,3,2,8,1,0
"FBgn0005619",18,10,17,15,31,13,18
"FBgn0083013",7,0,2,8,12,0,1
"FBgn0261439",3561,2266,2476,2981,3901,1766,2014
"FBgn0004579",1,0,2,1,4,0,0
"FBgn0037498",0,0,0,0,0,0,0
"FBgn0025525",125,68,53,39,104,35,29
"FBgn0031628",146,76,71,103,146,62,62
"FBgn0033889",9667,4372,4657,6873,11383,4027,4207
"FBgn0038358",1,0,0,2,1,0,0
"FBgn0050449",1,0,0,0,0,0,0
"FBgn0034104",0,0,0,0,0,0,0
"FBgn0010256",5923,2341,2455,3834,7419,2255,2503
"FBgn0039756",2715,1596,1920,1631,2432,1002,1272
"FBgn0016794",3772,2167,2327,2845,4310,1846,2026
"FBgn0033816",771,353,401,619,962,293,331
"FBgn0032431",8,4,2,9,9,4,3
"FBgn0037999",1437,789,892,921,1304,590,734
"FBgn0036306",571,172,209,491,510,117,226
"FBgn0005613",11,9,2,7,20,3,7
"FBgn0053815",0,0,0,0,0,0,0
"FBgn0038291",381,187,202,282,584,204,218
"FBgn0259979",2157,717,724,1404,2270,771,857
"FBgn0085223",56,34,34,90,86,23,34
"FBgn0038984",2586,1127,1269,1759,2298,982,1157
"FBgn0036035",657,268,302,477,850,224,298
"FBgn0003511",448,271,335,350,674,228,276
"FBgn0053658",0,0,0,1,0,0,0
"FBgn0052350",623,95,111,367,431,111,126
"FBgn0050499",1177,686,699,774,993,413,575
"FBgn0035000",0,0,1,0,0,0,0
"FBgn0037808",13405,6237,5881,10806,15307,6153,5862
"FBgn0029688",5247,2712,2827,3903,6575,2635,2705
"FBgn0017448",5,6,4,2,10,3,2
"FBgn0050048",1,0,0,0,1,0,0
"FBgn0033911",1,1,0,0,1,1,0
"FBgn0052628",122,55,65,64,129,52,52
"FBgn0051496",0,0,0,0,0,0,0
"FBgn0083971",11,1,4,4,10,3,6
"FBgn0001089",76,40,56,41,93,33,44
"FBgn0030277",2,0,0,0,2,0,0
"FBgn0259226",21,11,18,32,44,16,30
"FBgn0036813",741,354,452,540,933,371,429
"FBgn0052191",0,0,1,0,0,0,1
"FBgn0261086",17,13,10,20,23,12,13
"FBgn0003741",237,108,128,131,264,74,110
"FBgn0261570",5077,3069,3022,3296,4910,2156,2060
"FBgn0033229",3,1,0,1,0,0,0
"FBgn0039115",226,125,114,233,262,90,96
"FBgn0024251",10,2,1,6,3,2,1
"FBgn0034045",1,0,1,1,2,0,0
"FBgn0259713",0,0,0,0,0,0,0
"FBgn0085430",2634,1832,1766,2379,3351,1678,1592
"FBgn0053967",4383,2073,2258,3359,7687,2742,2563
"FBgn0039851",7,1,7,1,2,3,2
"FBgn0035328",5,1,6,1,0,4,1
"FBgn0033139",1,0,0,0,0,0,1
"FBgn0015567",3751,1477,1434,2150,3874,1209,1296
"FBgn0032976",5302,2486,2521,3586,6516,2289,2390
"FBgn0021738",3,5,7,2,4,7,2
"FBgn0011937",0,0,0,0,0,0,0
"FBgn0040487",0,0,0,0,0,0,0
"FBgn0052984",214,80,70,127,233,88,89
"FBgn0041604",718,293,301,326,509,167,182
"FBgn0035701",0,0,0,0,0,0,0
"FBgn0030876",150,80,93,97,229,60,91
"FBgn0061200",5765,2927,3027,4692,8143,2907,2863
"FBgn0016081",6596,3770,3795,6126,8284,3869,3745
"FBgn0031778",1,1,1,1,2,4,1
"FBgn0261508",5,4,0,5,4,2,4
"FBgn0024913",17,3,2,12,11,2,3
"FBgn0004507",3469,2038,2251,1123,2674,909,1075
"FBgn0011224",1912,775,836,1346,2290,814,806
"FBgn0032858",427,201,231,290,486,168,201
"FBgn0031634",18,9,3,5,7,3,5
"FBgn0053356",0,0,0,0,0,0,0
"FBgn0035193",4,2,0,0,1,1,0
"FBgn0033564",0,0,0,0,0,0,0
"FBgn0034791",765,340,353,464,988,258,297
"FBgn0053438",0,0,0,0,0,0,0
"FBgn0053129",5197,2106,2087,3348,4800,1751,2000
"FBgn0085437",1634,984,960,1398,1817,889,862
"FBgn0051148",1,0,0,0,2,0,1
"FBgn0035006",0,0,0,0,0,0,0
"FBgn0260487",1,0,1,1,0,0,1
"FBgn0053238",0,0,0,0,0,0,0
"FBgn0030893",2800,1668,1864,2133,3056,1169,1358
"FBgn0030932",9,13,11,7,12,6,10
"FBgn0038296",448,180,181,278,402,151,150
"FBgn0029666",903,297,382,460,915,300,310
"FBgn0033696",47,18,18,16,33,8,21
"FBgn0063494",3544,1315,1464,2145,2664,801,1074
"FBgn0013987",3773,2035,2272,2869,4774,1783,2022
"FBgn0030262",22,6,7,28,34,9,24
"FBgn0038619",198,108,132,180,230,86,143
"FBgn0051103",0,1,0,0,0,0,0
"FBgn0034352",0,1,0,0,0,0,0
"FBgn0064227",0,0,0,0,1,1,0
"FBgn0034638",1725,825,984,2632,3288,1300,1639
"FBgn0040658",22,3,13,19,37,10,8
"FBgn0050020",2029,1050,1009,1537,2349,892,992
"FBgn0030200",1,1,1,1,0,0,0
"FBgn0024352",6856,2767,3115,4265,7742,2081,2803
"FBgn0085354",266,141,186,127,187,61,100
"FBgn0030596",35,12,12,13,55,18,20
"FBgn0083167",1072,504,560,679,1077,336,475
"FBgn0030082",878,382,414,560,990,321,372
"FBgn0054012",0,0,0,0,2,1,0
"FBgn0039280",0,0,0,0,0,0,0
"FBgn0033902",9074,5061,5686,7834,10813,4315,5812
"FBgn0052656",2,2,3,2,4,5,1
"FBgn0038609",528,311,354,521,583,239,346
"FBgn0040385",0,0,0,0,0,0,0
"FBgn0011976",0,0,0,0,0,0,0
"FBgn0038597",1134,629,658,1016,1236,497,633
"FBgn0034296",0,0,0,0,1,1,0
"FBgn0250815",1,3,3,0,0,1,2
"FBgn0011204",2001,1092,1209,1668,2652,1085,1212
"FBgn0039868",546,190,157,370,557,159,191
"FBgn0010041",183,70,97,83,161,43,66
"FBgn0040599",0,0,0,0,1,0,0
"FBgn0038276",2,0,0,0,4,0,0
"FBgn0029771",886,409,428,623,827,307,309
"FBgn0000338",3191,1508,1654,1411,3337,1392,1254
"FBgn0040524",1,1,1,0,1,1,0
"FBgn0032020",940,394,432,632,812,292,362
"FBgn0000278",61,22,28,80,85,30,37
"FBgn0015316",39,15,20,27,30,15,14
"FBgn0259192",2,1,2,3,6,2,1
"FBgn0039503",28,8,18,22,31,5,10
"FBgn0030524",17,4,5,11,22,8,4
"FBgn0003963",5329,2889,2887,2938,6076,2241,2363
"FBgn0030268",5133,3089,3350,3863,5641,2473,2372
"FBgn0038376",3276,1711,1890,2599,3563,1452,1785
"FBgn0261547",788,406,424,785,1377,572,505
"FBgn0031270",82,14,28,46,90,12,23
"FBgn0061361",0,0,0,0,0,0,0
"FBgn0052123",0,0,0,0,0,0,0
"FBgn0053844",0,0,0,0,0,0,0
"FBgn0034528",1015,266,291,454,1222,290,321
"FBgn0011963",0,0,0,0,1,0,0
"FBgn0038316",441,250,325,342,604,232,264
"FBgn0052268",24,8,8,22,24,8,10
"FBgn0036713",0,0,0,0,0,0,0
"FBgn0051729",4414,2277,2400,3958,4635,1966,2157
"FBgn0035789",9,1,2,11,92,12,5
"FBgn0038930",1,0,0,0,1,0,0
"FBgn0013300",0,0,0,0,0,0,0
"FBgn0053140",0,0,0,0,0,1,0
"FBgn0003372",6,1,0,1,2,5,3
"FBgn0037761",0,0,0,0,0,0,0
"FBgn0082180",0,0,0,0,0,0,0
"FBgn0034708",3289,1579,1643,2345,3136,1296,1411
"FBgn0004240",1,0,0,2,1,0,2
"FBgn0053303",7913,4355,4747,5949,8944,3002,4093
"FBgn0035213",1807,669,732,1317,2216,700,787
"FBgn0031904",886,358,357,527,846,285,324
"FBgn0000043",56048,31421,34344,33402,41118,16007,18360
"FBgn0036688",645,387,421,376,474,190,248
"FBgn0050115",1578,869,901,824,1679,709,653
"FBgn0000239",4136,1918,1925,3033,4238,1634,1854
"FBgn0085200",0,0,0,0,0,0,0
"FBgn0004370",3252,1632,1687,2064,3550,1535,1465
"FBgn0034169",0,0,0,0,0,0,0
"FBgn0000442",6,1,6,2,7,3,2
"FBgn0036806",683,285,332,472,792,252,309
"FBgn0037344",5838,2917,3042,3705,8170,2924,2659
"FBgn0037700",1480,622,670,769,1513,399,533
"FBgn0041171",3209,1844,1826,2949,4181,1785,1986
"FBgn0033059",684,253,340,535,821,229,334
"FBgn0259481",4275,2511,2980,3807,5926,2628,2724
"FBgn0053159",56,27,17,39,40,19,15
"FBgn0038756",1,0,0,0,0,0,0
"FBgn0027296",343,164,163,309,388,161,143
"FBgn0022097",1940,813,914,1145,1638,537,739
"FBgn0032503",0,0,0,0,0,0,0
"FBgn0005386",1331,538,533,884,1766,600,584
"FBgn0030981",0,0,0,0,0,0,0
"FBgn0082181",0,0,0,0,0,0,0
"FBgn0038196",903,276,378,545,995,259,340
"FBgn0085259",0,0,0,1,0,1,1
"FBgn0037762",0,0,0,0,0,0,0
"FBgn0243513",75,20,25,41,27,24,29
"FBgn0035234",36,23,26,29,34,18,11
"FBgn0036928",2061,823,894,1188,1857,613,926
"FBgn0031068",703,369,464,349,805,250,284
"FBgn0036979",8,4,5,7,9,1,3
"FBgn0052303",0,1,0,0,0,0,0
"FBgn0029123",4,2,1,3,5,2,2
"FBgn0003373",0,0,0,1,1,2,0
"FBgn0058470",113,18,13,45,77,24,18
"FBgn0015527",2659,1612,1759,2261,3572,1473,1638
"FBgn0261396",3600,1785,2039,2496,3566,1263,1549
"FBgn0037046",94,30,18,16,30,9,8
"FBgn0034162",18,9,19,14,18,4,13
"FBgn0036188",541,252,303,352,493,187,257
"FBgn0261456",1261,643,747,919,1332,529,563
"FBgn0033727",0,0,0,0,0,0,0
"FBgn0000147",779,394,385,456,579,213,301
"FBgn0032707",12,4,5,2,6,3,5
"FBgn0032358",165,69,71,97,204,49,89
"FBgn0037317",249,117,142,166,352,75,136
"FBgn0029925",440,183,201,277,395,133,186
"FBgn0034345",2731,983,1182,1709,2930,901,1101
"FBgn0000576",0,0,0,0,0,0,0
"FBgn0032250",420,159,156,200,427,118,145
"FBgn0033939",3,0,0,0,2,1,0
"FBgn0038972",798,300,354,387,648,220,262
"FBgn0003074",3888,2283,2323,2027,2914,1160,1342
"FBgn0032490",0,1,0,1,2,0,1
"FBgn0010097",204,110,161,91,120,45,61
"FBgn0034822",0,0,1,0,0,1,3
"FBgn0031926",0,3,0,0,1,0,0
"FBgn0020381",266,142,141,174,239,79,112
"FBgn0034283",2,0,0,0,0,0,1
"FBgn0033875",5271,1237,1441,1801,4376,1074,1179
"FBgn0032753",2,1,1,1,3,0,1
"FBgn0034723",9,3,2,6,6,3,2
"FBgn0032406",0,0,0,0,0,0,0
"FBgn0030157",3,0,2,0,1,0,0
"FBgn0052641",44,33,39,25,31,25,37
"FBgn0036837",99,54,44,46,173,49,59
"FBgn0032149",576,259,275,325,578,183,263
"FBgn0033379",1391,616,705,1122,1605,566,724
"FBgn0038073",3,0,1,3,2,0,0
"FBgn0035543",1,0,1,0,0,0,1
"FBgn0037577",1,0,0,0,0,0,0
"FBgn0082585",334,138,174,166,423,123,135
"FBgn0039561",1806,962,1067,1362,2404,927,913
"FBgn0050151",0,0,0,0,0,0,0
"FBgn0036929",1316,304,308,604,1021,281,319
"FBgn0052554",125,57,61,83,124,33,51
"FBgn0011870",0,0,0,0,0,0,0
"FBgn0053080",67,43,49,57,103,44,47
"FBgn0040648",0,0,0,0,0,0,0
"FBgn0033403",7,4,4,6,15,9,5
"FBgn0036110",46,32,45,63,91,49,69
"FBgn0260237",0,0,0,0,0,0,0
"FBgn0031150",2351,778,873,635,1042,306,338
"FBgn0035171",11,2,4,35,7,8,2
"FBgn0053964",0,0,0,0,0,0,0
"FBgn0050157",71,41,34,36,86,28,45
"FBgn0085400",11,11,7,2,4,3,2
"FBgn0035476",28,10,14,21,29,10,11
"FBgn0030374",0,0,0,0,1,0,0
"FBgn0042129",1,0,0,0,0,0,0
"FBgn0015282",2932,1679,1839,2357,3454,1203,1506
"FBgn0260428",0,0,0,0,0,0,0
"FBgn0010422",1574,697,840,958,1894,551,654
"FBgn0029603",0,1,0,2,2,0,0
"FBgn0259170",1196,488,477,623,1266,495,442
"FBgn0027951",3288,1707,1739,2369,4288,1666,1650
"FBgn0039928",3811,804,725,1908,2126,687,626
"FBgn0032262",35,12,16,16,34,12,13
"FBgn0051036",9,1,5,2,8,3,7
"FBgn0001281",2,0,0,1,1,0,0
"FBgn0002773",35,15,26,42,91,32,59
"FBgn0031610",152,55,62,99,132,53,53
"FBgn0036552",7,7,7,16,15,4,5
"FBgn0004584",3530,1629,1748,1522,3262,1049,1262
"FBgn0036757",0,0,0,0,0,0,0
"FBgn0038871",264,99,130,174,227,89,130
"FBgn0039726",597,271,278,395,580,169,266
"FBgn0011701",2,0,2,0,4,0,1
"FBgn0015803",2846,1328,1518,2190,3440,1343,1377
"FBgn0037506",6,3,3,4,12,5,5
"FBgn0010421",477,208,193,320,583,134,186
"FBgn0033961",472,208,222,291,475,167,225
"FBgn0032934",321,147,169,173,320,105,123
"FBgn0004841",0,0,1,0,0,0,0
"FBgn0036959",40,17,25,44,56,15,29
"FBgn0032725",747,188,193,284,746,108,165
"FBgn0050122",9365,5026,5303,7411,11367,4755,4828
"FBgn0037064",19,10,19,18,20,10,13
"FBgn0013277",1,4,0,0,0,7,1
"FBgn0016122",490,254,261,411,556,210,236
"FBgn0035070",0,0,0,0,0,0,0
"FBgn0015778",16374,7879,8307,8678,16237,6197,6183
"FBgn0250831",1,0,0,0,0,0,0
"FBgn0037880",259,150,168,173,222,98,129
"FBgn0032493",0,0,0,0,0,0,0
"FBgn0039626",855,425,446,635,1219,416,432
"FBgn0261056",0,0,0,0,0,0,0
"FBgn0038631",0,0,1,0,0,0,0
"FBgn0063261",0,0,0,0,0,0,0
"FBgn0030667",282,99,106,124,274,65,71
"FBgn0020906",1,0,0,0,0,0,1
"FBgn0033569",379,170,161,235,376,139,166
"FBgn0033960",22,14,16,28,26,13,16
"FBgn0001142",654,288,305,196,645,289,368
"FBgn0051337",886,428,567,937,2078,724,1021
"FBgn0030836",1,0,0,1,2,0,1
"FBgn0015589",9104,4400,4369,6570,10970,4137,3873
"FBgn0031053",428,347,430,412,489,268,259
"FBgn0260757",2073,873,730,1367,2233,913,770
"FBgn0086895",1202,598,590,816,1349,458,493
"FBgn0052719",110,18,27,66,188,48,34
"FBgn0038200",2,1,0,1,1,1,0
"FBgn0260241",0,0,0,0,0,0,0
"FBgn0037837",2,10,25,0,2,14,7
"FBgn0031038",0,0,0,0,0,0,0
"FBgn0052762",0,0,0,1,0,0,0
"FBgn0037013",20,9,4,14,24,6,6
"FBgn0001077",0,0,0,0,0,0,0
"FBgn0051635",1108,516,525,682,1377,516,509
"FBgn0038610",0,1,1,2,2,2,0
"FBgn0031817",236,135,163,158,252,83,120
"FBgn0033814",1144,650,645,911,1070,438,480
"FBgn0050254",0,0,0,1,0,0,0
"FBgn0036416",1,1,1,2,2,0,1
"FBgn0038189",0,0,0,0,0,0,0
"FBgn0024993",239,123,132,157,234,72,120
"FBgn0052488",0,0,0,0,0,0,0
"FBgn0038485",1,0,0,1,1,0,0
"FBgn0260937",2655,1079,1052,2004,2756,880,1037
"FBgn0035388",2151,1038,1157,1619,2700,1008,1122
"FBgn0000179",3,0,2,0,3,1,0
"FBgn0000052",3169,1843,1912,3026,3587,1624,1944
"FBgn0031238",379,202,227,258,450,143,183
"FBgn0051716",4410,1725,1956,2812,4982,1666,1822
"FBgn0033473",571,262,280,465,729,224,287
"FBgn0085378",1282,395,372,755,1142,353,389
"FBgn0046815",3,0,1,0,9,1,0
"FBgn0038267",0,0,0,0,0,0,0
"FBgn0011945",0,0,0,0,0,0,0
"FBgn0000634",694,313,318,420,538,202,202
"FBgn0260750",369,147,155,259,274,89,124
"FBgn0040670",79,30,38,50,66,27,35
"FBgn0250754",10764,3557,3391,6356,11924,3566,3022
"FBgn0039723",0,1,1,1,0,0,1
"FBgn0000257",1072,645,673,759,1198,528,612
"FBgn0037670",252,65,69,104,266,55,75
"FBgn0030499",1053,655,733,790,1230,571,581
"FBgn0051575",0,0,0,0,0,0,0
"FBgn0053901",0,0,0,0,0,0,0
"FBgn0050389",4652,2567,2866,3419,4694,1903,1865
"FBgn0051163",35,16,15,6,12,4,5
"FBgn0004666",0,1,0,0,1,0,0
"FBgn0031435",52,41,35,35,72,18,28
"FBgn0041224",0,1,0,0,1,0,0
"FBgn0086779",2809,942,945,1519,2843,863,888
"FBgn0038876",389,214,242,274,324,167,181
"FBgn0031209",2,0,2,2,2,1,0
"FBgn0035756",0,1,0,0,1,0,0
"FBgn0051924",0,0,0,0,0,0,0
"FBgn0034421",3426,1839,2062,2128,3291,1554,1614
"FBgn0040251",908,265,327,359,641,234,228
"FBgn0039554",1339,688,770,891,1622,555,730
"FBgn0025388",666,304,372,446,844,276,308
"FBgn0015834",6506,3806,4504,6142,8621,3297,4510
"FBgn0005642",1376,790,814,977,1862,704,768
"FBgn0050099",5,4,2,2,9,1,0
"FBgn0011878",0,0,1,0,0,0,0
"FBgn0017579",27889,18216,22423,26421,35107,16075,22569
"FBgn0002905",1181,564,537,794,1220,434,503
"FBgn0260450",1180,716,826,756,888,466,517
"FBgn0030293",2229,1350,1315,1899,2593,1123,1209
"FBgn0036056",0,0,0,0,0,0,0
"FBgn0053792",0,0,0,1,0,0,0
"FBgn0037295",2,0,0,0,2,1,1
"FBgn0024366",43,31,34,25,58,22,33
"FBgn0013548",844,575,608,1007,1432,674,696
"FBgn0052718",0,0,0,0,0,0,0
"FBgn0033367",30913,22288,19977,6151,18102,6429,7296
"FBgn0013765",5877,2361,2553,2505,4284,1557,1689
"FBgn0067680",0,0,0,0,0,0,0
"FBgn0036830",0,0,0,0,0,0,0
"FBgn0038057",271,100,92,166,252,73,113
"FBgn0036363",2,1,1,3,1,0,0
"FBgn0014022",506,192,185,303,607,139,174
"FBgn0050065",3,2,2,3,1,1,1
"FBgn0004859",459,99,117,410,511,106,105
"FBgn0034958",1667,617,660,1161,1760,566,548
"FBgn0039848",31,19,22,40,47,26,24
"FBgn0004133",1584,785,982,1439,2354,861,951
"FBgn0003659",824,132,105,307,580,95,96
"FBgn0021764",1120,491,487,670,1157,453,426
"FBgn0260633",0,0,0,0,0,0,0
"FBgn0038342",7,3,1,1,4,2,1
"FBgn0032632",0,0,0,0,0,0,0
"FBgn0030684",9,3,4,9,11,6,3
"FBgn0000500",4,6,7,3,7,1,4
"FBgn0010288",2351,935,1237,1519,2230,817,1075
"FBgn0032919",2268,999,1012,1603,2919,875,1018
"FBgn0065073",4,0,0,4,1,0,2
"FBgn0034750",1058,615,680,713,1121,408,559
"FBgn0085313",0,0,0,0,1,0,0
"FBgn0020508",1,1,1,2,0,1,0
"FBgn0026872",188,137,161,266,276,132,180
"FBgn0064119",0,0,0,0,0,0,0
"FBgn0010109",4,1,2,0,4,0,5
"FBgn0011305",1252,582,551,573,1050,404,434
"FBgn0035936",42,23,26,31,49,18,19
"FBgn0051642",294,172,144,51,71,46,30
"FBgn0036905",0,0,0,0,0,0,0
"FBgn0013755",1,1,0,0,0,2,0
"FBgn0016685",4749,2078,2330,3065,5124,1689,2018
"FBgn0038100",1289,448,524,574,2004,531,665
"FBgn0082939",0,0,0,0,0,0,0
"FBgn0032961",5565,2062,2332,3948,5837,1673,2461
"FBgn0032221",102,26,31,54,83,31,25
"FBgn0037232",457,150,181,349,461,157,195
"FBgn0033469",183,99,100,345,192,61,108
"FBgn0052512",1336,659,753,709,1951,688,719
"FBgn0038735",736,269,335,569,645,245,270
"FBgn0050127",3,1,3,0,4,0,0
"FBgn0037890",954,417,436,724,808,334,434
"FBgn0028926",403,243,261,342,538,199,255
"FBgn0004512",875,450,518,402,748,311,388
"FBgn0011848",0,0,0,0,0,0,0
"FBgn0043884",17164,9154,8769,12248,22178,9147,7742
"FBgn0032314",0,0,0,0,0,0,0
"FBgn0034643",1807,982,975,1443,2647,995,1086
"FBgn0037023",0,2,0,1,2,1,2
"FBgn0067864",1357,803,891,1049,1518,617,691
"FBgn0027524",458,217,216,338,404,152,157
"FBgn0010313",100,38,41,40,87,44,26
"FBgn0032144",2,2,0,1,1,0,0
"FBgn0030252",24,19,21,18,41,19,24
"FBgn0026869",5135,1600,1656,3473,5889,1709,1527
"FBgn0026375",5686,2446,2606,2909,6429,2318,2257
"FBgn0027934",0,0,0,0,0,0,0
"FBgn0000064",13068,6941,7905,7764,12370,5009,5553
"FBgn0005649",4240,2095,2152,2630,4204,1715,1721
"FBgn0030803",628,274,323,513,739,239,259
"FBgn0052476",36,9,10,13,21,5,6
"FBgn0035458",2,1,1,1,1,1,1
"FBgn0053772",0,0,0,0,0,0,0
"FBgn0053474",3,0,1,0,1,0,1
"FBgn0085399",29,9,10,11,21,11,12
"FBgn0015618",171,93,100,124,214,63,99
"FBgn0052475",0,0,0,0,0,0,0
"FBgn0027509",2967,1384,1337,2067,2760,1057,1208
"FBgn0052493",1,0,0,0,0,0,1
"FBgn0250816",560,88,90,245,321,97,118
"FBgn0082944",6,1,0,2,4,0,0
"FBgn0035950",1048,553,613,721,923,384,477
"FBgn0051265",2,0,0,2,2,0,0
"FBgn0039581",3422,1781,1797,2238,4095,1600,1768
"FBgn0001990",662,292,346,485,814,274,330
"FBgn0261245",26,6,12,19,28,8,13
"FBgn0033392",238,107,135,184,260,101,112
"FBgn0025394",2805,1259,1488,1984,3677,1095,1282
"FBgn0031571",68,38,25,43,74,30,27
"FBgn0029690",0,0,2,0,3,0,0
"FBgn0038826",2364,907,952,895,3073,1166,951
"FBgn0053859",0,0,0,0,0,0,0
"FBgn0037556",1151,404,475,715,1139,357,413
"FBgn0032689",2296,924,920,1602,2466,819,910
"FBgn0259834",522,222,247,431,629,224,283
"FBgn0032122",2,0,0,0,1,1,0
"FBgn0261564",1754,818,1004,1258,2042,821,938
"FBgn0051245",6,2,0,0,2,1,0
"FBgn0040805",1,0,0,0,1,0,0
"FBgn0031895",141,83,65,71,124,49,44
"FBgn0036320",0,0,0,0,0,0,0
"FBgn0010453",1,0,1,1,3,4,2
"FBgn0034204",0,1,0,0,0,0,0
"FBgn0051195",1990,943,1012,783,1325,445,520
"FBgn0025790",1307,736,745,1116,1467,613,778
"FBgn0040816",0,0,0,0,0,0,0
"FBgn0035335",496,175,207,345,446,121,190
"FBgn0086447",292,73,84,146,283,53,59
"FBgn0002780",7038,2079,2253,5143,8215,2441,2739
"FBgn0082972",3,0,0,0,3,1,0
"FBgn0020611",2012,819,985,1415,2099,792,923
"FBgn0040832",0,0,0,0,0,0,0
"FBgn0035211",179,92,125,114,153,67,82
"FBgn0038643",0,0,0,0,1,0,0
"FBgn0039970",1534,433,484,994,1614,464,492
"FBgn0029629",8537,4816,5535,5934,11309,3992,5173
"FBgn0039175",1131,607,685,951,1122,440,556
"FBgn0038000",0,0,0,0,0,0,0
"FBgn0023212",1882,1002,1105,1536,2709,857,987
"FBgn0086021",0,0,0,1,0,1,0
"FBgn0050106",0,0,0,0,0,0,0
"FBgn0053985",1,4,1,4,1,1,0
"FBgn0039027",0,0,1,0,0,0,0
"FBgn0037065",9,3,5,11,17,3,8
"FBgn0260764",6,3,1,3,0,3,1
"FBgn0038535",8709,3862,4229,5252,10458,3588,3675
"FBgn0051156",402,154,180,247,478,160,160
"FBgn0033899",880,398,400,654,950,290,332
"FBgn0036934",0,1,0,0,1,0,2
"FBgn0032969",1,1,1,3,7,0,1
"FBgn0037630",63,26,22,27,47,14,16
"FBgn0051014",0,0,0,0,0,0,0
"FBgn0033951",529,232,293,357,676,204,244
"FBgn0085316",0,0,0,2,0,0,0
"FBgn0040733",0,0,0,0,0,0,0
"FBgn0000181",19843,9772,10617,14904,27979,8541,10972
"FBgn0053653",198,44,46,82,147,46,47
"FBgn0051578",0,1,0,0,0,0,0
"FBgn0259878",42,14,9,30,44,12,16
"FBgn0050259",0,0,2,0,0,0,1
"FBgn0030443",1,0,1,0,1,0,0
"FBgn0030918",32,10,10,9,16,4,5
"FBgn0039770",0,1,0,0,0,0,1
"FBgn0039337",277,130,118,184,337,88,122
"FBgn0035772",9710,3330,3845,5129,9397,2544,2921
"FBgn0037998",1226,661,662,799,1255,454,533
"FBgn0015571",237,92,99,125,238,90,133
"FBgn0050251",0,0,0,0,0,0,0
"FBgn0044812",1,0,0,0,1,0,0
"FBgn0003676",7385,3929,4365,5349,6403,2737,3488
"FBgn0031321",331,196,241,323,416,203,233
"FBgn0036667",538,102,120,211,526,79,116
"FBgn0085404",9,3,2,1,8,6,1
"FBgn0036608",0,0,0,0,0,0,0
"FBgn0035040",15,2,1,5,5,5,1
"FBgn0034259",1704,761,923,1205,1361,482,632
"FBgn0034657",1386,864,801,1140,1357,601,608
"FBgn0030894",1617,699,833,1156,1888,713,709
"FBgn0030912",1,2,0,1,1,0,3
"FBgn0015277",866,625,642,860,1159,543,673
"FBgn0004187",1,0,0,0,0,1,0
"FBgn0013275",0,0,0,0,0,0,0
"FBgn0031201",85,36,42,59,103,35,45
"FBgn0033388",248,104,109,181,287,123,108
"FBgn0033252",16,6,4,9,11,8,4
"FBgn0086030",0,0,0,0,0,0,0
"FBgn0261571",1,0,0,0,0,0,0
"FBgn0053509",198,40,48,60,105,36,34
"FBgn0034807",0,0,1,1,1,0,0
"FBgn0037843",2502,985,1114,1705,2765,803,876
"FBgn0034264",26,8,13,18,22,6,5
"FBgn0037874",25037,11569,13081,18672,29476,10210,14449
"FBgn0051031",12,3,6,6,11,6,2
"FBgn0026316",962,426,390,616,1169,300,392
"FBgn0037411",0,0,0,0,0,0,0
"FBgn0083046",6,0,1,1,1,0,0
"FBgn0027784",197,122,146,152,224,95,106
"FBgn0085309",0,0,0,0,0,0,0
"FBgn0053434",0,0,0,0,0,0,0
"FBgn0261566",0,0,0,0,0,0,0
"FBgn0031196",39,24,18,15,40,15,21
"FBgn0051467",54,13,18,38,63,15,26
"FBgn0050103",1,0,0,0,0,0,0
"FBgn0031574",367,183,237,358,397,164,183
"FBgn0038662",484,223,222,391,630,170,226
"FBgn0050212",0,0,0,0,0,0,0
"FBgn0040723",5,1,2,3,14,1,5
"FBgn0023416",987,366,381,497,819,285,326
"FBgn0039439",0,0,0,0,1,0,0
"FBgn0034084",362,192,259,265,443,149,199
"FBgn0052069",187,64,95,108,107,40,68
"FBgn0041186",1077,447,487,761,1378,421,527
"FBgn0037896",158,75,86,55,95,40,38
"FBgn0025682",11004,6090,7051,10199,17830,6085,7971
"FBgn0029995",5,0,2,5,2,2,0
"FBgn0033465",819,418,458,666,1055,388,464
"FBgn0027553",610,334,345,567,722,288,348
"FBgn0004593",0,0,0,0,0,0,0
"FBgn0015777",2173,917,1053,1097,1467,602,613
"FBgn0015014",1639,868,830,977,1772,554,657
"FBgn0004556",610,232,257,404,787,253,256
"FBgn0037433",32,14,20,22,36,10,19
"FBgn0261397",3113,1396,1410,2210,2923,1159,1303
"FBgn0030166",0,0,0,0,0,0,0
"FBgn0033031",0,0,0,0,0,0,0
"FBgn0037908",0,0,0,0,0,0,0
"FBgn0032049",0,2,2,5,5,0,0
"FBgn0031051",2612,1669,1720,2040,2890,1394,1413
"FBgn0034988",319,183,231,255,404,143,173
"FBgn0039686",4,0,1,0,4,0,1
"FBgn0027528",6,3,4,2,3,3,3
"FBgn0035488",892,363,407,559,1143,370,431
"FBgn0034623",1,0,0,0,0,0,0
"FBgn0030421",409,108,92,293,310,103,116
"FBgn0029930",1,1,0,0,2,3,0
"FBgn0003328",1145,497,602,1089,1471,599,652
"FBgn0033792",4,2,1,1,3,1,2
"FBgn0038821",74,27,28,41,46,18,16
